map_recipe_ingredient_id,recipe_id,ingredient_id,ingredient_qty_unit,ingredient_qty,is_key,comment
,QUICK_VEGETABLE_CURRY,OLIVE_OIL,_TBD_,0,_TBD_,__comment__
,QUICK_VEGETABLE_CURRY,RED_ONION,_TBD_,0,_TBD_,__comment__
,QUICK_VEGETABLE_CURRY,GINGER,_TBD_,0,_TBD_,__comment__
,QUICK_VEGETABLE_CURRY,GARLIC_GLOVE,_TBD_,0,_TBD_,__comment__
,QUICK_VEGETABLE_CURRY,CURRY_POWDER,_TBD_,0,_TBD_,__comment__
,QUICK_VEGETABLE_CURRY,VEGETABLE_STOCK,_TBD_,0,_TBD_,__comment__
,QUICK_VEGETABLE_CURRY,CORN_STARCH,_TBD_,0,_TBD_,__comment__
,QUICK_VEGETABLE_CURRY,COCONUT_MILK,_TBD_,0,_TBD_,__comment__
,QUICK_VEGETABLE_CURRY,AUBERGINES,_TBD_,0,_TBD_,__comment__
,QUICK_VEGETABLE_CURRY,ZUCCHINI,_TBD_,0,_TBD_,__comment__
,QUICK_VEGETABLE_CURRY,MUSHROOM,_TBD_,0,_TBD_,__comment__
,QUICK_VEGETABLE_CURRY,RED_BELL_PEPPER,_TBD_,0,_TBD_,__comment__
,QUICK_VEGETABLE_CURRY,LIME,_TBD_,0,_TBD_,__comment__
,QUICK_VEGETABLE_CURRY,BASIL,_TBD_,0,_TBD_,__comment__
,QUICK_VEGETABLE_CURRY,RICE,_TBD_,0,_TBD_,__comment__
,TABOULE,MINT,bunch,1,_TBD_,__comment__
,DHAL_DE_PATATE_DOUCE_ET_DE_LENTILLE_CORAIL,CORRIANDER,bunch,1,_TBD_,__comment__
,"SALADE_D_EBLY,_OIGNON_CARAMELISE_&_MOZZARELLA",PARSLEY,bunch,10,_TBD_,__comment__
,JARDINIERE_DE_LEGUMES_AUX_LARDONS,PARSLEY,bunch,1,_TBD_,__comment__
,GASPACHO_ANDALOU,BASIL,bunch,1,_TBD_,__comment__
,GÂTEAU_INVISIBLE_AUX_COURGETTES,MINT,bunch,1,_TBD_,__comment__
,"QUINOA_SALAD_WITH_ASPARAGUS,_PEAS,_AVOCADO_&_LEMON_BASIL_DRESSING",ASPARGUS,bunch,1,_TBD_,__comment__
,GALETTES_COMPLETES,WATER,cl,25,_TBD_,__comment__
,GALETTES_COMPLETES,SEMI_SKIMED_MILK,cl,25,_TBD_,__comment__
,"QUINOA_SALAD_WITH_ASPARAGUS,_PEAS,_AVOCADO_&_LEMON_BASIL_DRESSING",WATER,cup,2,_TBD_,__comment__
,"QUINOA_SALAD_WITH_ASPARAGUS,_PEAS,_AVOCADO_&_LEMON_BASIL_DRESSING",QUINOA,cup,1,_TBD_,__comment__
,"QUINOA_SALAD_WITH_ASPARAGUS,_PEAS,_AVOCADO_&_LEMON_BASIL_DRESSING",FROZEN_PEAS,cup,1,_TBD_,__comment__
,TABOULE,COUSCOUS,g,300,_TBD_,__comment__
,ROULEAUX_DE_PRINTEMPS,PRAWNS,g,250,_TBD_,__comment__
,ROULEAUX_DE_PRINTEMPS,VERMICELLI,g,300,_TBD_,__comment__
,LENTILLES_LARDONS,PARMIGIANO,g,100,_TBD_,__comment__
,LENTILLES_LARDONS,LARDONS,g,300,_TBD_,__comment__
,LENTILLES_LARDONS,GREEN_LENTILS,g,500,_TBD_,__comment__
,DHAL_DE_PATATE_DOUCE_ET_DE_LENTILLE_CORAIL,SWEET_POTATO,g,400,_TBD_,__comment__
,DHAL_DE_PATATE_DOUCE_ET_DE_LENTILLE_CORAIL,CORAIL_LENTILS,g,100,_TBD_,__comment__
,DHAL_DE_PATATE_DOUCE_ET_DE_LENTILLE_CORAIL,COCONUT_MILK,g,200,_TBD_,__comment__
,JAMBALAYA,CHICKEN_BREAST,g,600,_TBD_,__comment__
,JAMBALAYA,PRAWNS,g,250,_TBD_,__comment__
,JAMBALAYA,CHOPPED_TOMATOES,g,400,_TBD_,__comment__
,JAMBALAYA,RICE,g,250,_TBD_,__comment__
,SALADE_FALLAFEL,CHERRY_TOMATO,g,250,_TBD_,__comment__
,SALADE_FALLAFEL,QUINOA,g,150,_TBD_,__comment__
,SALADE_DE_RIZ_AU_THON_ET_AUX_LEGUMES_CROQUANTS,RICE,g,250,_TBD_,__comment__
,SALADE_DE_RIZ_AU_THON_ET_AUX_LEGUMES_CROQUANTS,CARROT,g,200,_TBD_,__comment__
,SALADE_DE_RIZ_AU_THON_ET_AUX_LEGUMES_CROQUANTS,COURGETTES,g,200,_TBD_,__comment__
,SALADE_DE_RIZ_AU_THON_ET_AUX_LEGUMES_CROQUANTS,YELLOW_PEPPER,g,100,_TBD_,__comment__
,SALADE_DE_RIZ_AU_THON_ET_AUX_LEGUMES_CROQUANTS,TUNA,g,300,_TBD_,__comment__
,SALADE_DE_RIZ_AU_THON_ET_AUX_LEGUMES_CROQUANTS,CHIVE,g,10,_TBD_,__comment__
,SALADE_DE_RIZ_AU_THON_ET_AUX_LEGUMES_CROQUANTS,PICKLES,g,50,_TBD_,__comment__
,"SALADE_D_EBLY,_OIGNON_CARAMELISE_&_MOZZARELLA",BARLEY,g,250,_TBD_,__comment__
,"SALADE_D_EBLY,_OIGNON_CARAMELISE_&_MOZZARELLA",CHERRY_TOMATO,g,250,_TBD_,__comment__
,"SALADE_D_EBLY,_OIGNON_CARAMELISE_&_MOZZARELLA",MOZZARELLA,g,125,_TBD_,__comment__
,AUBERGINES_A_LA_PARMESANE,PARMIGIANO,g,150,_TBD_,__comment__
,AUBERGINES_A_LA_PARMESANE,CHOPPED_TOMATOES,g,700,_TBD_,__comment__
,AUBERGINES_A_LA_PARMESANE,MOZZARELLA,g,250,_TBD_,__comment__
,SPAGHETTI_BOLOGNESE,CARROT,g,100,_TBD_,__comment__
,SPAGHETTI_BOLOGNESE,CELERY,g,100,_TBD_,__comment__
,SPAGHETTI_BOLOGNESE,MINCED_BEEF,g,500,_TBD_,__comment__
,SPAGHETTI_BOLOGNESE,SPAGHETTI,g,400,_TBD_,__comment__
,SPAGHETTI_BOLOGNESE,TOMATO_COULIS,g,500,_TBD_,__comment__
,SALADE_DE_PENNE_A_L_ITALIENNE,PENNE,g,300,_TBD_,__comment__
,SALADE_DE_PENNE_A_L_ITALIENNE,PARMIGIANO,g,20,_TBD_,__comment__
,SALADE_DE_PENNE_A_L_ITALIENNE,PINE_NUTS,g,15,_TBD_,__comment__
,SALADE_DE_PENNE_A_L_ITALIENNE,OLIVE_OIL,g,40,_TBD_,__comment__
,SALADE_DE_PENNE_A_L_ITALIENNE,RICOTTA,g,50,_TBD_,__comment__
,SALADE_DE_PENNE_A_L_ITALIENNE,CHERRY_TOMATO,g,100,_TBD_,__comment__
,SALADE_DE_PENNE_A_L_ITALIENNE,MOZZARELLA,g,100,_TBD_,__comment__
,QUICHE_POIVRONS_ET_COURGETTES,PARMIGIANO,g,70,_TBD_,__comment__
,QUICHE_POIVRONS_ET_COURGETTES,LARDONS,g,100,_TBD_,__comment__
,QUICHE_POIVRONS_ET_COURGETTES,CRÈME_FRAICHE,g,125,_TBD_,__comment__
,QUICHE_POIVRONS_ET_COURGETTES,PLAIN_FLOUR,g,150,_TBD_,__comment__
,QUICHE_POIVRONS_ET_COURGETTES,BUTTER,g,65,_TBD_,__comment__
,QUICHE_POIVRONS_ET_COURGETTES,WATER,g,100,_TBD_,__comment__
,LASAGNES_EPINARDS_ET_CHEVRE,SPINACH,g,600,_TBD_,__comment__
,LASAGNES_EPINARDS_ET_CHEVRE,MUSHROOM,g,200,_TBD_,__comment__
,LASAGNES_EPINARDS_ET_CHEVRE,WHOLE_MILK,g,250,_TBD_,__comment__
,LASAGNES_EPINARDS_ET_CHEVRE,BUTTER,g,40,_TBD_,__comment__
,LASAGNES_EPINARDS_ET_CHEVRE,PLAIN_FLOUR,g,60,_TBD_,__comment__
,LASAGNES_EPINARDS_ET_CHEVRE,CHOPPED_TOMATOES,g,500,_TBD_,__comment__
,LASAGNES_EPINARDS_ET_CHEVRE,GOAT_CHEESE,g,200,_TBD_,__comment__
,LASAGNES_EPINARDS_ET_CHEVRE,MOZZARELLA,g,100,_TBD_,__comment__
,GRATIN_DAUPHINOIS,CRÈME_FRAICHE,g,500,_TBD_,__comment__
,SAUCE_BOLOGNAISE_A_LA_ROMAGNOLE,CELERY,g,100,_TBD_,__comment__
,SAUCE_BOLOGNAISE_A_LA_ROMAGNOLE,LARDONS,g,100,_TBD_,__comment__
,SAUCE_BOLOGNAISE_A_LA_ROMAGNOLE,OLIVE_OIL,g,20,_TBD_,__comment__
,SAUCE_BOLOGNAISE_A_LA_ROMAGNOLE,MINCED_BEEF,g,250,_TBD_,__comment__
,SAUCE_BOLOGNAISE_A_LA_ROMAGNOLE,PORK_SAUSAGE,g,150,_TBD_,__comment__
,SAUCE_BOLOGNAISE_A_LA_ROMAGNOLE,TOMATO_COULIS,g,400,_TBD_,__comment__
,SAUCE_BOLOGNAISE_A_LA_ROMAGNOLE,TOMATO_PUREE,g,70,_TBD_,__comment__
,PUREE_DE_BUTTERNUT,ONION,g,100,_TBD_,__comment__
,PUREE_DE_BUTTERNUT,BUTTERNUT,g,800,_TBD_,__comment__
,PUREE_DE_BUTTERNUT,POTATO,g,300,_TBD_,__comment__
,PUREE_DE_BUTTERNUT,BUTTER,g,15,_TBD_,__comment__
,PUREE_DE_BUTTERNUT,PHILADELPHIA,g,50,_TBD_,__comment__
,BANANA_PROTEIN_PANCAKES,OAT,g,90,_TBD_,__comment__
,BANANA_PROTEIN_PANCAKES,COTTAGE_CHEESE,g,115,_TBD_,__comment__
,BANANA_PROTEIN_PANCAKES,DARK_CHOCOLATE_CHIPS,g,45,_TBD_,__comment__
,ROASTED_ROOT_VEG_SALADE_WITH_FETA,PUMPKIN,g,450,_TBD_,__comment__
,ROASTED_ROOT_VEG_SALADE_WITH_FETA,ROCKET,g,120,_TBD_,__comment__
,ROASTED_ROOT_VEG_SALADE_WITH_FETA,FETA,g,50,_TBD_,__comment__
,ROASTED_ROOT_VEG_SALADE_WITH_FETA,PUMPKIN_SEEDS,g,30,_TBD_,__comment__
,SMOOTHIE_FRUITS_ROUGES_ET_BANANE,BERRIES,g,100,_TBD_,__comment__
,SMOOTHIE_FRUITS_ROUGES_ET_BANANE,SOY_MILK,g,150,_TBD_,__comment__
,SMOOTHIE_FRUITS_ROUGES_ET_BANANE,SEMI_SKIMED_MILK,g,350,_TBD_,__comment__
,SMOOTHIE_FRUITS_ROUGES_ET_BANANE,SUGAR,g,30,_TBD_,__comment__
,SMOOTHIE_ANANAS_BANANE,PINEAPPLE,g,240,_TBD_,__comment__
,SMOOTHIE_BANANE_KIWI,SOY_MILK,g,300,_TBD_,__comment__
,SMOOTHIE_FRAISE_MYRTILLE,STRAWBERRY,g,225,_TBD_,__comment__
,SMOOTHIE_FRAISE_MYRTILLE,BLACKBERRY,g,225,_TBD_,__comment__
,SMOOTHIE_FRAISE_MYRTILLE,ORANGE,g,300,_TBD_,__comment__
,SMOOTHIE_FRAISE_MYRTILLE,ICE,g,50,_TBD_,__comment__
,SMOOTHIE_FRAISE_MYRTILLE,LEMON,g,5,_TBD_,__comment__
,VELOUTE_DE_BUTTERNUT,BUTTER,g,20,_TBD_,__comment__
,VELOUTE_DE_BUTTERNUT,BUTTERNUT,g,600,_TBD_,__comment__
,VELOUTE_DE_BUTTERNUT,WATER,g,500,_TBD_,__comment__
,FARFALLE_A_LA_CREME_DE_COURGETTES,PARMIGIANO,g,50,_TBD_,__comment__
,FARFALLE_A_LA_CREME_DE_COURGETTES,OLIVE_OIL,g,20,_TBD_,__comment__
,FARFALLE_A_LA_CREME_DE_COURGETTES,COURGETTES,g,300,_TBD_,__comment__
,FARFALLE_A_LA_CREME_DE_COURGETTES,SALT,g,0.5,_TBD_,__comment__
,FARFALLE_A_LA_CREME_DE_COURGETTES,FARFALLE,g,400,_TBD_,__comment__
,FARFALLE_A_LA_CREME_DE_COURGETTES,SEMI_SKIMED_MILK,g,100,_TBD_,__comment__
,POULET_COCO_AUX_3_EPICES,OLIVE_OIL,g,30,_TBD_,__comment__
,POULET_COCO_AUX_3_EPICES,WATER,g,200,_TBD_,__comment__
,POULET_COCO_AUX_3_EPICES,COCONUT_MILK,g,250,_TBD_,__comment__
,POULET_COCO_AUX_3_EPICES,CHICKEN_BREAST,g,500,_TBD_,__comment__
,RISOTTO_POULET_ET_CHAMPIGNONS,PAPRIKA,g,60,_TBD_,__comment__
,RISOTTO_POULET_ET_CHAMPIGNONS,OLIVE_OIL,g,2,_TBD_,__comment__
,RISOTTO_POULET_ET_CHAMPIGNONS,CHICKEN_BREAST,g,300,_TBD_,__comment__
,RISOTTO_POULET_ET_CHAMPIGNONS,MUSHROOM,g,250,_TBD_,__comment__
,RISOTTO_POULET_ET_CHAMPIGNONS,RISOTTO_RICE,g,250,_TBD_,__comment__
,RISOTTO_POULET_ET_CHAMPIGNONS,WHITE_WINE,g,200,_TBD_,__comment__
,RISOTTO_POULET_ET_CHAMPIGNONS,WATER,g,450,_TBD_,__comment__
,INVISIBLE_AUX_POMMES,SUGAR,g,50,_TBD_,__comment__
,INVISIBLE_AUX_POMMES,SEMI_SKIMED_MILK,g,100,_TBD_,__comment__
,INVISIBLE_AUX_POMMES,BUTTER,g,20,_TBD_,__comment__
,INVISIBLE_AUX_POMMES,PLAIN_FLOUR,g,70,_TBD_,__comment__
,RISOTTO_CHAMPIGNONS_ET_COURGETTES,BUTTER,g,20,_TBD_,__comment__
,RISOTTO_CHAMPIGNONS_ET_COURGETTES,MUSHROOM,g,80,_TBD_,__comment__
,RISOTTO_CHAMPIGNONS_ET_COURGETTES,RISOTTO_RICE,g,250,_TBD_,__comment__
,RISOTTO_CHAMPIGNONS_ET_COURGETTES,WHITE_WINE,g,50,_TBD_,__comment__
,RISOTTO_CHAMPIGNONS_ET_COURGETTES,WATER,g,600,_TBD_,__comment__
,LASAGNES_DE_LEGUMES,ONION,g,150,_TBD_,__comment__
,LASAGNES_DE_LEGUMES,CARROT,g,100,_TBD_,__comment__
,LASAGNES_DE_LEGUMES,LEAK,g,250,_TBD_,__comment__
,LASAGNES_DE_LEGUMES,COURGETTES,g,250,_TBD_,__comment__
,LASAGNES_DE_LEGUMES,OLIVE_OIL,g,25,_TBD_,__comment__
,LASAGNES_DE_LEGUMES,CORNFLOUR,g,70,_TBD_,__comment__
,LASAGNES_DE_LEGUMES,SEMI_SKIMED_MILK,g,800,_TBD_,__comment__
,LASAGNES_DE_LEGUMES,GRUYERE,g,80,_TBD_,__comment__
,SAUTE_DE_PORC_AU_CURRY,COCONUT_OIL,g,10,_TBD_,__comment__
,SAUTE_DE_PORC_AU_CURRY,PORK_TENDERLOIN,g,400,_TBD_,__comment__
,SAUTE_DE_PORC_AU_CURRY,TOMATO_PUREE,g,100,_TBD_,__comment__
,SAUTE_DE_PORC_AU_CURRY,COCONUT_MILK,g,200,_TBD_,__comment__
,BUTTER_CHICKEN,GINGER,g,5,_TBD_,__comment__
,BUTTER_CHICKEN,CARROT,g,100,_TBD_,__comment__
,BUTTER_CHICKEN,BUTTER,g,80,_TBD_,__comment__
,BUTTER_CHICKEN,CHICKEN_BREAST,g,650,_TBD_,__comment__
,BUTTER_CHICKEN,CIDER_VINEGAR,g,25,_TBD_,__comment__
,BUTTER_CHICKEN,TOMATO_PUREE,g,100,_TBD_,__comment__
,BUTTER_CHICKEN,CHOPPED_TOMATOES,g,400,_TBD_,__comment__
,BUTTER_CHICKEN,CRÈME_FRAICHE,g,260,_TBD_,__comment__
,HACHIS_PARMENTIER,BUTTER,g,30,_TBD_,__comment__
,HACHIS_PARMENTIER,BEEF,g,400,_TBD_,__comment__
,HACHIS_PARMENTIER,PARSLEY,g,20,_TBD_,__comment__
,HACHIS_PARMENTIER,POTATO,g,500,_TBD_,__comment__
,HACHIS_PARMENTIER,SEMI_SKIMED_MILK,g,200,_TBD_,__comment__
,HACHIS_PARMENTIER,BUTTER,g,30,_TBD_,__comment__
,HACHIS_PARMENTIER,GRUYERE,g,100,_TBD_,__comment__
,QUICHE_POIVRONS_ET_CHORIZO,PLAIN_FLOUR,g,200,_TBD_,__comment__
,QUICHE_POIVRONS_ET_CHORIZO,BUTTER_SLIGHTLY_SALTED,g,100,_TBD_,__comment__
,QUICHE_POIVRONS_ET_CHORIZO,WATER,g,60,_TBD_,__comment__
,QUICHE_POIVRONS_ET_CHORIZO,GRUYERE,g,80,_TBD_,__comment__
,QUICHE_POIVRONS_ET_CHORIZO,CHORIZO,g,225,_TBD_,__comment__
,QUICHE_POIVRONS_ET_CHORIZO,RED_BELL_PEPPER,g,300,_TBD_,__comment__
,QUICHE_POIVRONS_ET_CHORIZO,SEMI_SKIMED_MILK,g,50,_TBD_,__comment__
,QUICHE_POIVRONS_ET_CHORIZO,CREME_FLEURETTE,g,100,_TBD_,__comment__
,JARDINIERE_DE_LEGUMES_AUX_LARDONS,OLIVE_OIL,g,5,_TBD_,__comment__
,JARDINIERE_DE_LEGUMES_AUX_LARDONS,LARDONS,g,100,_TBD_,__comment__
,JARDINIERE_DE_LEGUMES_AUX_LARDONS,CARROT,g,200,_TBD_,__comment__
,JARDINIERE_DE_LEGUMES_AUX_LARDONS,WATER,g,300,_TBD_,__comment__
,JARDINIERE_DE_LEGUMES_AUX_LARDONS,POTATO,g,400,_TBD_,__comment__
,JARDINIERE_DE_LEGUMES_AUX_LARDONS,PETIS_POIDS,g,400,_TBD_,__comment__
,GASPACHO_ANDALOU,WATER,g,300,_TBD_,__comment__
,GASPACHO_ANDALOU,BREAD,g,120,_TBD_,__comment__
,GASPACHO_ANDALOU,TOMATO,g,1000,_TBD_,__comment__
,GASPACHO_ANDALOU,CUCUMBER,g,100,_TBD_,__comment__
,GASPACHO_ANDALOU,RED_BELL_PEPPER,g,50,_TBD_,__comment__
,GASPACHO_ANDALOU,GREEN_BELL_PEPPER,g,50,_TBD_,__comment__
,GLACE_A_LA_VANILLE,SUGAR,g,120,_TBD_,__comment__
,GLACE_A_LA_VANILLE,SEMI_SKIMED_MILK,g,500,_TBD_,__comment__
,GLACE_A_LA_VANILLE,SINGLE_CREAM,g,250,_TBD_,__comment__
,"CEVICHE_DE_CREVETTES,_MANGUE,_AVOCAT",PRAWNS,g,400,_TBD_,__comment__
,"CEVICHE_DE_CREVETTES,_MANGUE,_AVOCAT",CORIANDER_LEAVES,g,20,_TBD_,__comment__
,"CEVICHE_DE_CREVETTES,_MANGUE,_AVOCAT",HONEY,g,20,_TBD_,__comment__
,"CEVICHE_DE_CREVETTES,_MANGUE,_AVOCAT",OLIVE_OIL,g,20,_TBD_,__comment__
,GÂTEAU_INVISIBLE_AUX_COURGETTES,PARMIGIANO,g,40,_TBD_,__comment__
,GÂTEAU_INVISIBLE_AUX_COURGETTES,SEMI_SKIMED_MILK,g,100,_TBD_,__comment__
,GÂTEAU_INVISIBLE_AUX_COURGETTES,FETA,g,100,_TBD_,__comment__
,GÂTEAU_INVISIBLE_AUX_COURGETTES,PLAIN_FLOUR,g,75,_TBD_,__comment__
,GÂTEAU_INVISIBLE_AUX_COURGETTES,COURGETTES,g,850,_TBD_,__comment__
,RISOTTO_AU_PESTO_D_EPINARDS_ET_BASILIC,PARMIGIANO,g,100,_TBD_,__comment__
,RISOTTO_AU_PESTO_D_EPINARDS_ET_BASILIC,CASHEW_NUT,g,50,_TBD_,__comment__
,RISOTTO_AU_PESTO_D_EPINARDS_ET_BASILIC,SPINACH,g,100,_TBD_,__comment__
,RISOTTO_AU_PESTO_D_EPINARDS_ET_BASILIC,BASIL,g,30,_TBD_,__comment__
,RISOTTO_AU_PESTO_D_EPINARDS_ET_BASILIC,OLIVE_OIL,g,70,_TBD_,__comment__
,RISOTTO_AU_PESTO_D_EPINARDS_ET_BASILIC,RISOTTO_RICE,g,300,_TBD_,__comment__
,RISOTTO_AU_PESTO_D_EPINARDS_ET_BASILIC,WHITE_WINE,g,100,_TBD_,__comment__
,RISOTTO_AU_PESTO_D_EPINARDS_ET_BASILIC,WATER,g,680,_TBD_,__comment__
,CURRY_DE_POIS_CHICHES_AU_LAIT_DE_COCO,GINGER,g,15,_TBD_,__comment__
,CURRY_DE_POIS_CHICHES_AU_LAIT_DE_COCO,ONION,g,120,_TBD_,__comment__
,CURRY_DE_POIS_CHICHES_AU_LAIT_DE_COCO,YELLOW_BELL_PEPPER,g,70,_TBD_,__comment__
,CURRY_DE_POIS_CHICHES_AU_LAIT_DE_COCO,COCONUT_OIL,g,30,_TBD_,__comment__
,CURRY_DE_POIS_CHICHES_AU_LAIT_DE_COCO,WATER,g,30,_TBD_,__comment__
,CURRY_DE_POIS_CHICHES_AU_LAIT_DE_COCO,COCONUT_MILK,g,400,_TBD_,__comment__
,CURRY_DE_POIS_CHICHES_AU_LAIT_DE_COCO,TOMATO_PUREE,g,70,_TBD_,__comment__
,CURRY_DE_POIS_CHICHES_AU_LAIT_DE_COCO,CHICKPEAS,g,530,_TBD_,__comment__
,CURRY_DE_POIS_CHICHES_AU_LAIT_DE_COCO,CHERRY_TOMATO,g,200,_TBD_,__comment__
,TARTE_AUX_POMMES_SANS_PÂTE,CORNFLOUR,g,60,_TBD_,__comment__
,TARTE_AUX_POMMES_SANS_PÂTE,BROWN_SUGAR,g,45,_TBD_,__comment__
,TARTE_AUX_POMMES_SANS_PÂTE,SEMI_SKIMED_MILK,g,150,_TBD_,__comment__
,TARTE_AUX_POMMES_SANS_PÂTE,BUTTER,g,30,_TBD_,__comment__
,"CRUMBLE_COURGETTES,_BASILIC_ET_PARMESAN",PARMIGIANO,g,100,_TBD_,__comment__
,"CRUMBLE_COURGETTES,_BASILIC_ET_PARMESAN",COURGETTES,g,1000,_TBD_,__comment__
,"CRUMBLE_COURGETTES,_BASILIC_ET_PARMESAN",OLIVE_OIL,g,50,_TBD_,__comment__
,"CRUMBLE_COURGETTES,_BASILIC_ET_PARMESAN",BASIL,g,70,_TBD_,__comment__
,"CRUMBLE_COURGETTES,_BASILIC_ET_PARMESAN",PINE_NUTS,g,50,_TBD_,__comment__
,"CRUMBLE_COURGETTES,_BASILIC_ET_PARMESAN",BUTTER_SLIGHTLY_SALTED,g,70,_TBD_,__comment__
,"CRUMBLE_COURGETTES,_BASILIC_ET_PARMESAN",OAT,g,120,_TBD_,__comment__
,QUICK_BEEF_CHOW_MEIN,EGG_NOODLES,g,160,_TBD_,__comment__
,QUICK_BEEF_CHOW_MEIN,BEEF_TENDERLOIN,g,200,_TBD_,__comment__
,LENTILLES_FAÇON_CHILI,WATER,g,1500,_TBD_,__comment__
,LENTILLES_FAÇON_CHILI,GREEN_LENTILS,g,200,_TBD_,__comment__
,LENTILLES_FAÇON_CHILI,RED_ONION,g,150,_TBD_,__comment__
,LENTILLES_FAÇON_CHILI,OLIVE_OIL,g,20,_TBD_,__comment__
,LENTILLES_FAÇON_CHILI,MINCED_BEEF,g,250,_TBD_,__comment__
,LENTILLES_FAÇON_CHILI,CHORIZO,g,100,_TBD_,__comment__
,LENTILLES_FAÇON_CHILI,CHOPPED_TOMATOES,g,350,_TBD_,__comment__
,LENTILLES_FAÇON_CHILI,RED_WINE,g,80,_TBD_,__comment__
,LENTILLES_FAÇON_CHILI,YELLOW_BELL_PEPPER,g,100,_TBD_,__comment__
,LENTILLES_FAÇON_CHILI,SWEET_CORN,g,140,_TBD_,__comment__
,CRUMBLE_DE_SAUMON_ET_POIREAUX,PLAIN_FLOUR,g,150,_TBD_,__comment__
,CRUMBLE_DE_SAUMON_ET_POIREAUX,BUTTER,g,100,_TBD_,__comment__
,CRUMBLE_DE_SAUMON_ET_POIREAUX,PARMIGIANO,g,50,_TBD_,__comment__
,CRUMBLE_DE_SAUMON_ET_POIREAUX,LEAK,g,600,_TBD_,__comment__
,CRUMBLE_DE_SAUMON_ET_POIREAUX,BUTTER,g,50,_TBD_,__comment__
,CRUMBLE_DE_SAUMON_ET_POIREAUX,SINGLE_CREAM,g,80,_TBD_,__comment__
,CRUMBLE_DE_SAUMON_ET_POIREAUX,SMOKED_SALMON,g,500,_TBD_,__comment__
,GRANOLA_BAR,PITTED_DATES,g,220,_TBD_,__comment__
,GRANOLA_BAR,MAPLE_SYRUP,g,8,_TBD_,__comment__
,GRANOLA_BAR,PEANUT_BUTTER,g,65,_TBD_,__comment__
,GRANOLA_BAR,ALMOND,g,110,_TBD_,__comment__
,GRANOLA_BAR,OAT,g,135,_TBD_,__comment__
,INVISIBLE_AUX_POIRES,SUGAR,g,50,_TBD_,__comment__
,INVISIBLE_AUX_POIRES,SEMI_SKIMED_MILK,g,100,_TBD_,__comment__
,INVISIBLE_AUX_POIRES,BUTTER,g,20,_TBD_,__comment__
,INVISIBLE_AUX_POIRES,PLAIN_FLOUR,g,70,_TBD_,__comment__
,GALETTES_COMPLETES,BUCKWHEAT_FOUR,g,250,_TBD_,__comment__
,GALETTES_COMPLETES,BUTTER,g,40,_TBD_,__comment__
,GALETTES_COMPLETES,GRUYERE,g,200,_TBD_,__comment__
,CREPE_SUCREE,SUGAR,g,200,_TBD_,__comment__
,CREPE_SUCREE,BUTTER_SLIGHTLY_SALTED,g,40,_TBD_,__comment__
,EGG_FRIED_RICE_WITH_TOASTED_CASHEWS,RICE,g,100,_TBD_,__comment__
,EGG_FRIED_RICE_WITH_TOASTED_CASHEWS,CASHEW_NUT,g,100,_TBD_,__comment__
,EGG_FRIED_RICE_WITH_TOASTED_CASHEWS,SWEET_CORN,g,100,_TBD_,__comment__
,EGG_FRIED_RICE_WITH_TOASTED_CASHEWS,GREEN_PEES,g,100,_TBD_,__comment__
,SPICY_STEAK_WRAPS_WITH_TOMATO_SALSA,BEEF_STEAK,g,300,_TBD_,__comment__
,PATE_A_PIZZA,OLIVE_OIL,g,22,_TBD_,__comment__
,PATE_A_PIZZA,WATER,g,250,_TBD_,__comment__
,PATE_A_PIZZA,DRY_YEAST,g,7,_TBD_,__comment__
,PATE_A_PIZZA,T00_FLOUR,g,375,_TBD_,__comment__
,PATE_A_PIZZA,SALT,g,2,_TBD_,__comment__
,SALADE_DE_POIS_CHICHES,OLIVE_OIL,g,70,_TBD_,__comment__
,SALADE_DE_POIS_CHICHES,CHICKPEAS,g,530,_TBD_,__comment__
,SALADE_DE_POIS_CHICHES,CHERRY_TOMATO,g,300,_TBD_,__comment__
,SALADE_DE_POIS_CHICHES,FETA,g,120,_TBD_,__comment__
,MEATBALLS__JAMIE_OLIVER,MINCED_PORK,g,450,_TBD_,__comment__
,MEATBALLS__JAMIE_OLIVER,MINCED_BEEF,g,450,_TBD_,__comment__
,MEATBALLS__JAMIE_OLIVER,PEPPER_GROUND,g,5,_TBD_,__comment__
,MEATBALLS__JAMIE_OLIVER,SALT,g,5,_TBD_,__comment__
,MEATBALLS__JAMIE_OLIVER,CUMIN,g,5,_TBD_,__comment__
,MEATBALLS__JAMIE_OLIVER,CHILLI_FLAKES,g,5,_TBD_,__comment__
,MEATBALLS__JAMIE_OLIVER,ORIGANO,g,5,_TBD_,__comment__
,MEATBALLS__JAMIE_OLIVER,ROSEMARY,g,5,_TBD_,__comment__
,MEATBALLS__JAMIE_OLIVER,PARMIGIANO,g,100,_TBD_,__comment__
,MEATBALLS__JAMIE_OLIVER,NUTMEG_GROUND,g,5,_TBD_,__comment__
,MEATBALLS__JAMIE_OLIVER,MOZZARELLA,g,250,_TBD_,__comment__
,MEATBALLS__JAMIE_OLIVER,PLUMBED_TOMATOES,g,900,_TBD_,__comment__
,MEATBALLS__JAMIE_OLIVER,BASIL,g,50,_TBD_,__comment__
,SWEET_&_SOUR_STIR_FRY,TIN_OF_PEACHES,g,400,_TBD_,__comment__
,SWEET_&_SOUR_STIR_FRY,FROZEN_PEAS,g,150,_TBD_,__comment__
,SWEET_&_SOUR_STIR_FRY,VERMICELLI_RICE_NODDLES,g,200,_TBD_,__comment__
,DUCK_&_ORANGE_SALAD,WALNUT,g,30,_TBD_,__comment__
,DUCK_&_ORANGE_SALAD,WATERCRESS,g,60,_TBD_,__comment__
,SOUPE_DE_POIVRONS_A_LA_RICOTTA_ET_AU_MIEL,RICOTTA,g,120,_TBD_,__comment__
,CABILLAUD_AUX_LEGUMES_ET_PUREE_DE_POMMES_DE_TERRE,POTATO,g,750,_TBD_,__comment__
,CABILLAUD_AUX_LEGUMES_ET_PUREE_DE_POMMES_DE_TERRE,BUTTER_SLIGHTLY_SALTED,g,50,_TBD_,__comment__
,CABILLAUD_AUX_LEGUMES_ET_PUREE_DE_POMMES_DE_TERRE,CHOPPED_TOMATOES,g,400,_TBD_,__comment__
,GRATIN_DAUPHINOIS,POTATO,kg,1.2,_TBD_,__comment__
,CREPE_SUCREE,WHOLE_MILK,kg,2,_TBD_,__comment__
,CREPE_SUCREE,FLOUR,kg,1,_TBD_,__comment__
,EGG_BACON_&_AVOCADO_BOWL,AVOCADO,Large,0.5,_TBD_,__comment__
,EGG_FRIED_RICE_WITH_TOASTED_CASHEWS,CARROT,Large,1,_TBD_,__comment__
,SPICY_STEAK_WRAPS_WITH_TOMATO_SALSA,TOMATO,Large,1,_TBD_,__comment__
,"SALADE_D_EBLY,_OIGNON_CARAMELISE_&_MOZZARELLA",BASIL,leaves,20,_TBD_,__comment__
,AUBERGINES_A_LA_PARMESANE,BASIL,leaves,10,_TBD_,__comment__
,SALADE_DE_PENNE_A_L_ITALIENNE,BASIL,leaves,30,_TBD_,__comment__
,QUICHE_POIVRONS_ET_COURGETTES,BASIL,leaves,10,_TBD_,__comment__
,FARFALLE_A_LA_CREME_DE_COURGETTES,BASIL,leaves,20,_TBD_,__comment__
,BUTTER_CHICKEN,CORIANDER_LEAVES,leaves,24,_TBD_,__comment__
,JARDINIERE_DE_LEGUMES_AUX_LARDONS,BAY_LEAVES,leaves,2,_TBD_,__comment__
,CURRY_DE_POIS_CHICHES_AU_LAIT_DE_COCO,CORIANDER_LEAVES,leaves,15,_TBD_,__comment__
,"QUINOA_SALAD_WITH_ASPARAGUS,_PEAS,_AVOCADO_&_LEMON_BASIL_DRESSING",BASIL,leaves,1,_TBD_,__comment__
,"QUINOA_SALAD_WITH_ASPARAGUS,_PEAS,_AVOCADO_&_LEMON_BASIL_DRESSING",BASIL,leaves,5,_TBD_,__comment__
,TABOULE,LEMON,medium,2,_TBD_,__comment__
,TABOULE,ONION,medium,1,_TBD_,__comment__
,TABOULE,RED_BELL_PEPPER,medium,1,_TBD_,__comment__
,TABOULE,TOMATO,medium,4,_TBD_,__comment__
,TABOULE,CUCUMBER,medium,1,_TBD_,__comment__
,ROULEAUX_DE_PRINTEMPS,MANGO,medium,1,_TBD_,__comment__
,ROULEAUX_DE_PRINTEMPS,AVOCADO,medium,1,_TBD_,__comment__
,RATATOUILLE,ONION,medium,1,_TBD_,__comment__
,RATATOUILLE,GARLIC_GLOVE,medium,1,_TBD_,__comment__
,RATATOUILLE,TOMATO,medium,6,_TBD_,__comment__
,RATATOUILLE,RED_BELL_PEPPER,medium,1,_TBD_,__comment__
,RATATOUILLE,GREEN_BELL_PEPPER,medium,1,_TBD_,__comment__
,RATATOUILLE,YELLOW_PEPPER,medium,1,_TBD_,__comment__
,RATATOUILLE,COURGETTES,medium,2,_TBD_,__comment__
,RATATOUILLE,AUBERGINES,medium,2,_TBD_,__comment__
,LENTILLES_LARDONS,CARROT,medium,5,_TBD_,__comment__
,LENTILLES_LARDONS,ONION,medium,2,_TBD_,__comment__
,DHAL_DE_PATATE_DOUCE_ET_DE_LENTILLE_CORAIL,ONION,medium,1,_TBD_,__comment__
,JAMBALAYA,ONION,medium,2,_TBD_,__comment__
,JAMBALAYA,GARLIC_GLOVE,medium,1,_TBD_,__comment__
,JAMBALAYA,RED_BELL_PEPPER,medium,1,_TBD_,__comment__
,SALADE_FALLAFEL,FALLAFEL,medium,12,_TBD_,__comment__
,SALADE_FALLAFEL,AVOCADO,medium,2,_TBD_,__comment__
,SALADE_FALLAFEL,MOZZARELLA,medium,1,_TBD_,__comment__
,SALADE_FALLAFEL,SALAD,medium,1,_TBD_,__comment__
,SALADE_DE_RIZ_AU_THON_ET_AUX_LEGUMES_CROQUANTS,ONION,medium,1,_TBD_,__comment__
,SALADE_DE_RIZ_AU_THON_ET_AUX_LEGUMES_CROQUANTS,TOMATO,medium,1,_TBD_,__comment__
,"SALADE_D_EBLY,_OIGNON_CARAMELISE_&_MOZZARELLA",RED_ONION,medium,1,_TBD_,__comment__
,"SALADE_D_EBLY,_OIGNON_CARAMELISE_&_MOZZARELLA",GARLIC_GLOVE,medium,1,_TBD_,__comment__
,AUBERGINES_A_LA_PARMESANE,AUBERGINES,medium,2,_TBD_,__comment__
,AUBERGINES_A_LA_PARMESANE,SHALLOTS,medium,1,_TBD_,__comment__
,AUBERGINES_A_LA_PARMESANE,GARLIC_GLOVE,medium,1,_TBD_,__comment__
,SPAGHETTI_BOLOGNESE,ONION,medium,1,_TBD_,__comment__
,SPAGHETTI_BOLOGNESE,GARLIC_GLOVE,medium,2,_TBD_,__comment__
,SALADE_DE_PENNE_A_L_ITALIENNE,GARLIC_GLOVE,medium,1,_TBD_,__comment__
,SALADE_DE_PENNE_A_L_ITALIENNE,LEMON,medium,1,_TBD_,__comment__
,SALADE_DE_PENNE_A_L_ITALIENNE,OLIVES,medium,12,_TBD_,__comment__
,QUICHE_POIVRONS_ET_COURGETTES,RED_BELL_PEPPER,medium,1,_TBD_,__comment__
,QUICHE_POIVRONS_ET_COURGETTES,GREEN_BELL_PEPPER,medium,1,_TBD_,__comment__
,QUICHE_POIVRONS_ET_COURGETTES,YELLOW_PEPPER,medium,1,_TBD_,__comment__
,QUICHE_POIVRONS_ET_COURGETTES,COURGETTES,medium,1,_TBD_,__comment__
,QUICHE_POIVRONS_ET_COURGETTES,EGG,medium,2,_TBD_,__comment__
,LASAGNES_EPINARDS_ET_CHEVRE,TOMATO,medium,4,_TBD_,__comment__
,GRATIN_DAUPHINOIS,GARLIC_GLOVE,medium,1,_TBD_,__comment__
,SAUCE_BOLOGNAISE_A_LA_ROMAGNOLE,CARROT,medium,2,_TBD_,__comment__
,SAUCE_BOLOGNAISE_A_LA_ROMAGNOLE,ONION,medium,1,_TBD_,__comment__
,BANANA_PROTEIN_PANCAKES,BANANA,medium,1,_TBD_,__comment__
,BANANA_PROTEIN_PANCAKES,EGG,medium,1,_TBD_,__comment__
,EGG_BACON_&_AVOCADO_BOWL,EGG,medium,2,_TBD_,__comment__
,EGG_BACON_&_AVOCADO_BOWL,RED_ONION,medium,1,_TBD_,__comment__
,EGG_BACON_&_AVOCADO_BOWL,RED_BELL_PEPPER,medium,1,_TBD_,__comment__
,ROASTED_ROOT_VEG_SALADE_WITH_FETA,CARROT,medium,2,_TBD_,__comment__
,ROASTED_ROOT_VEG_SALADE_WITH_FETA,PARSNIPS,medium,2,_TBD_,__comment__
,SMOOTHIE_FRUITS_ROUGES_ET_BANANE,BANANA,medium,2,_TBD_,__comment__
,SMOOTHIE_ANANAS_BANANE,ORANGE,medium,2,_TBD_,__comment__
,SMOOTHIE_ANANAS_BANANE,BANANA,medium,2,_TBD_,__comment__
,SMOOTHIE_BANANE_KIWI,BANANA,medium,2,_TBD_,__comment__
,SMOOTHIE_BANANE_KIWI,KIWI,medium,2,_TBD_,__comment__
,VELOUTE_DE_BUTTERNUT,ONION,medium,1,_TBD_,__comment__
,VELOUTE_DE_BUTTERNUT,GARLIC_GLOVE,medium,1,_TBD_,__comment__
,FARFALLE_A_LA_CREME_DE_COURGETTES,GARLIC_GLOVE,medium,2,_TBD_,__comment__
,FARFALLE_A_LA_CREME_DE_COURGETTES,SHALLOTS,medium,2,_TBD_,__comment__
,POULET_COCO_AUX_3_EPICES,CARROT,medium,4,_TBD_,__comment__
,POULET_COCO_AUX_3_EPICES,COURGETTES,medium,1,_TBD_,__comment__
,POULET_COCO_AUX_3_EPICES,SHALLOTS,medium,1,_TBD_,__comment__
,POULET_COCO_AUX_3_EPICES,GARLIC_GLOVE,medium,2,_TBD_,__comment__
,RISOTTO_POULET_ET_CHAMPIGNONS,SHALLOTS,medium,3,_TBD_,__comment__
,INVISIBLE_AUX_POMMES,EGG,medium,2,_TBD_,__comment__
,INVISIBLE_AUX_POMMES,APPLE,medium,6,_TBD_,__comment__
,RISOTTO_CHAMPIGNONS_ET_COURGETTES,SHALLOTS,medium,1,_TBD_,__comment__
,RISOTTO_CHAMPIGNONS_ET_COURGETTES,COURGETTES,medium,1,_TBD_,__comment__
,SAUTE_DE_PORC_AU_CURRY,ONION,medium,1,_TBD_,__comment__
,SAUTE_DE_PORC_AU_CURRY,GARLIC_GLOVE,medium,1,_TBD_,__comment__
,SAUTE_DE_PORC_AU_CURRY,RED_BELL_PEPPER,medium,1,_TBD_,__comment__
,BUTTER_CHICKEN,ONION,medium,2,_TBD_,__comment__
,BUTTER_CHICKEN,GARLIC_GLOVE,medium,3,_TBD_,__comment__
,HACHIS_PARMENTIER,ONION,medium,1,_TBD_,__comment__
,HACHIS_PARMENTIER,GARLIC_GLOVE,medium,1,_TBD_,__comment__
,QUICHE_POIVRONS_ET_CHORIZO,EGG,Medium,3,_TBD_,__comment__
,JARDINIERE_DE_LEGUMES_AUX_LARDONS,SHALLOTS,medium,2,_TBD_,__comment__
,GASPACHO_ANDALOU,ONION,medium,1,_TBD_,__comment__
,GASPACHO_ANDALOU,GARLIC_GLOVE,medium,1,_TBD_,__comment__
,GASPACHO_ANDALOU,LEMON,medium,1,_TBD_,__comment__
,GLACE_A_LA_VANILLE,EGG,medium,6,_TBD_,__comment__
,GLACE_A_LA_VANILLE,VANILLA,Medium,1,_TBD_,__comment__
,"CEVICHE_DE_CREVETTES,_MANGUE,_AVOCAT",MANGO,medium,2,_TBD_,__comment__
,"CEVICHE_DE_CREVETTES,_MANGUE,_AVOCAT",AVOCADO,medium,2,_TBD_,__comment__
,"CEVICHE_DE_CREVETTES,_MANGUE,_AVOCAT",TOMATO,medium,1,_TBD_,__comment__
,"CEVICHE_DE_CREVETTES,_MANGUE,_AVOCAT",RED_PEPPER,medium,1,_TBD_,__comment__
,"CEVICHE_DE_CREVETTES,_MANGUE,_AVOCAT",LIME_ZEST,medium,1,_TBD_,__comment__
,"CEVICHE_DE_CREVETTES,_MANGUE,_AVOCAT",LIME,medium,2,_TBD_,__comment__
,GÂTEAU_INVISIBLE_AUX_COURGETTES,EGG,medium,2,_TBD_,__comment__
,RISOTTO_AU_PESTO_D_EPINARDS_ET_BASILIC,SHALLOTS,medium,3,_TBD_,__comment__
,RISOTTO_AU_PESTO_D_EPINARDS_ET_BASILIC,GARLIC_GLOVE,medium,1,_TBD_,__comment__
,CURRY_DE_POIS_CHICHES_AU_LAIT_DE_COCO,GARLIC_GLOVE,medium,2,_TBD_,__comment__
,CURRY_DE_POIS_CHICHES_AU_LAIT_DE_COCO,LIME,medium,1,_TBD_,__comment__
,TARTE_AUX_POMMES_SANS_PÂTE,APPLE,medium,3,_TBD_,__comment__
,TARTE_AUX_POMMES_SANS_PÂTE,EGG,medium,2,_TBD_,__comment__
,TARTE_AUX_POMMES_SANS_PÂTE,APPLE,medium,3,_TBD_,__comment__
,"CRUMBLE_COURGETTES,_BASILIC_ET_PARMESAN",GARLIC_GLOVE,medium,1,_TBD_,__comment__
,"QUINOA_SALAD_WITH_ASPARAGUS,_PEAS,_AVOCADO_&_LEMON_BASIL_DRESSING",GARLIC_GLOVE,medium,1,_TBD_,__comment__
,"QUINOA_SALAD_WITH_ASPARAGUS,_PEAS,_AVOCADO_&_LEMON_BASIL_DRESSING",AVOCADO,medium,1,_TBD_,__comment__
,QUICK_BEEF_CHOW_MEIN,GARLIC_GLOVE,medium,1,_TBD_,__comment__
,QUICK_BEEF_CHOW_MEIN,LEEK,medium,0.5,_TBD_,__comment__
,QUICK_BEEF_CHOW_MEIN,RED_BELL_PEPPER,medium,1,_TBD_,__comment__
,QUICK_BEEF_CHOW_MEIN,MUSHROOM,medium,5,_TBD_,__comment__
,LENTILLES_FAÇON_CHILI,GARLIC_GLOVE,medium,2,_TBD_,__comment__
,INVISIBLE_AUX_POIRES,EGG,medium,2,_TBD_,__comment__
,INVISIBLE_AUX_POIRES,PEARS,medium,6,_TBD_,__comment__
,GALETTES_COMPLETES,EGG,medium,2,_TBD_,__comment__
,GALETTES_COMPLETES,EGG,medium,6,_TBD_,__comment__
,CREPE_SUCREE,EGG,medium,6,_TBD_,__comment__
,EGG_FRIED_RICE_WITH_TOASTED_CASHEWS,GARLIC_GLOVE,medium,2,_TBD_,__comment__
,EGG_FRIED_RICE_WITH_TOASTED_CASHEWS,EGG,Medium,3,_TBD_,__comment__
,SPICY_STEAK_WRAPS_WITH_TOMATO_SALSA,RED_BELL_PEPPER,Medium,1,_TBD_,__comment__
,SPICY_STEAK_WRAPS_WITH_TOMATO_SALSA,WHOLEMAL_TORTILLA_WRAP,Medium,2,_TBD_,__comment__
,SPICY_STEAK_WRAPS_WITH_TOMATO_SALSA,RED_CHILLI,medium,1,_TBD_,__comment__
,SPICY_STEAK_WRAPS_WITH_TOMATO_SALSA,GARLIC_GLOVE,Medium,1,_TBD_,__comment__
,SALADE_DE_POIS_CHICHES,GARLIC_GLOVE,medium,1,_TBD_,__comment__
,SALADE_DE_POIS_CHICHES,PARSLEY,medium,1,_TBD_,__comment__
,SALADE_DE_POIS_CHICHES,LEMON_JUICE,medium,1,_TBD_,__comment__
,SALADE_DE_POIS_CHICHES,CUCUMBER,medium,1,_TBD_,__comment__
,SALADE_DE_POIS_CHICHES,RED_BELL_PEPPER,medium,1,_TBD_,__comment__
,SALADE_DE_POIS_CHICHES,RED_ONION,medium,0.5,_TBD_,__comment__
,MEATBALLS__JAMIE_OLIVER,ONION,Medium,2,_TBD_,__comment__
,SWEET_&_SOUR_STIR_FRY,RED_ONION,medium,1,_TBD_,__comment__
,SWEET_&_SOUR_STIR_FRY,RED_BELL_PEPPER,medium,2,_TBD_,__comment__
,SWEET_&_SOUR_STIR_FRY,CARROT,medium,1,_TBD_,__comment__
,SWEET_&_SOUR_STIR_FRY,GARLIC_GLOVE,medium,4,_TBD_,__comment__
,SWEET_&_SOUR_STIR_FRY,GINGER,medium,1,_TBD_,__comment__
,SWEET_&_SOUR_STIR_FRY,RED_CHILLI,medium,1,_TBD_,__comment__
,SWEET_&_SOUR_STIR_FRY,PAK_CHOI,medium,1,_TBD_,__comment__
,SPICED_WHOLE_ROAST_CAULI,CAULIFLOWER,medium,1,_TBD_,__comment__
,SPICED_WHOLE_ROAST_CAULI,POMEGRENADE,medium,1,_TBD_,__comment__
,DUCK_&_ORANGE_SALAD,DUCK_BREAST_FILET,medium,4,_TBD_,__comment__
,DUCK_&_ORANGE_SALAD,BAGUETTE,medium,2,_TBD_,__comment__
,DUCK_&_ORANGE_SALAD,BLOOD_ORANGE,medium,6,_TBD_,__comment__
,SOUPE_DE_POIVRONS_A_LA_RICOTTA_ET_AU_MIEL,RED_BELL_PEPPER,medium,4,_TBD_,__comment__
,SOUPE_DE_POIVRONS_A_LA_RICOTTA_ET_AU_MIEL,RED_CHILLI,medium,1,_TBD_,__comment__
,CABILLAUD_AUX_LEGUMES_ET_PUREE_DE_POMMES_DE_TERRE,AUBERGINES,medium,1,_TBD_,__comment__
,CABILLAUD_AUX_LEGUMES_ET_PUREE_DE_POMMES_DE_TERRE,COD FILLET,medium,4,_TBD_,__comment__
,CABILLAUD_AUX_LEGUMES_ET_PUREE_DE_POMMES_DE_TERRE,LEMON_JUICE,medium,1,_TBD_,__comment__
,CABILLAUD_AUX_LEGUMES_ET_PUREE_DE_POMMES_DE_TERRE,SHALLOTS,medium,2,_TBD_,__comment__
,SPAGHETTI_BOLOGNESE,WHITE_WINE,mL,150,_TBD_,__comment__
,SAUCE_BOLOGNAISE_A_LA_ROMAGNOLE,RED_WINE,mL,80,_TBD_,__comment__
,SOUPE_DE_POIVRONS_A_LA_RICOTTA_ET_AU_MIEL,SINGLE_CREAM,ml,250,_TBD_,__comment__
,CABILLAUD_AUX_LEGUMES_ET_PUREE_DE_POMMES_DE_TERRE,MILK,ml,150,_TBD_,__comment__
,INVISIBLE_AUX_POMMES,BAKING_POWDER,pack,0.5,_TBD_,__comment__
,GÂTEAU_INVISIBLE_AUX_COURGETTES,BAKING_POWDER,pack,1,_TBD_,__comment__
,INVISIBLE_AUX_POIRES,BAKING_POWDER,pack,0.5,_TBD_,__comment__
,EGG_FRIED_RICE_WITH_TOASTED_CASHEWS,PEPPER_GROUND,pinch,1,_TBD_,__comment__
,LASAGNES_EPINARDS_ET_CHEVRE,LASAGNA,sheet,12,_TBD_,__comment__
,LASAGNES_DE_LEGUMES,LASAGNA,sheet,12,_TBD_,__comment__
,SALADE_DE_PENNE_A_L_ITALIENNE,PARMA_HAM,slices,4,_TBD_,__comment__
,EGG_BACON_&_AVOCADO_BOWL,BACON,slices,2,_TBD_,__comment__
,MEATBALLS__JAMIE_OLIVER,BREADCRUMB,slices,2,_TBD_,__comment__
,GALETTES_COMPLETES,COOKED_HAM,slice,6,_TBD_,__comment__
,SPICY_STEAK_WRAPS_WITH_TOMATO_SALSA,ONION,Small,1,_TBD_,__comment__
,SOUPE_DE_POIVRONS_A_LA_RICOTTA_ET_AU_MIEL,ONION,Small,2,_TBD_,__comment__
,CABILLAUD_AUX_LEGUMES_ET_PUREE_DE_POMMES_DE_TERRE,COURGETTES,Small,1,_TBD_,__comment__
,BANANA_PROTEIN_PANCAKES,COCONUT_MILK,tbsp,4,_TBD_,__comment__
,ROASTED_ROOT_VEG_SALADE_WITH_FETA,OLIVE_OIL,tbsp,2,_TBD_,__comment__
,VELOUTE_DE_BUTTERNUT,CRÈME_FRAICHE,tbsp,1,_TBD_,__comment__
,RISOTTO_POULET_ET_CHAMPIGNONS,MASCARPONE,tbsp,2,_TBD_,__comment__
,INVISIBLE_AUX_POMMES,VANILLA_EXTRACT,tbsp,1,_TBD_,__comment__
,RISOTTO_CHAMPIGNONS_ET_COURGETTES,CRÈME_FRAICHE,tbsp,2,_TBD_,__comment__
,RISOTTO_CHAMPIGNONS_ET_COURGETTES,PARMIGIANO,tbsp,2,_TBD_,__comment__
,SAUTE_DE_PORC_AU_CURRY,SOY_SAUCE,tbsp,1,_TBD_,__comment__
,SAUTE_DE_PORC_AU_CURRY,MUSTARD,tbsp,1,_TBD_,__comment__
,SAUTE_DE_PORC_AU_CURRY,CURRY_POWDER,tbsp,1,_TBD_,__comment__
,QUICHE_POIVRONS_ET_CHORIZO,OLIVE_OIL,tbsp,1,_TBD_,__comment__
,JARDINIERE_DE_LEGUMES_AUX_LARDONS,VEGETABLE_STOCK,tbsp,1,_TBD_,__comment__
,JARDINIERE_DE_LEGUMES_AUX_LARDONS,PEPPER_GROUND,tbsp,2,_TBD_,__comment__
,GASPACHO_ANDALOU,OLIVE_OIL,tbsp,4,_TBD_,__comment__
,GASPACHO_ANDALOU,XERES_VINEGAR,tbsp,2,_TBD_,__comment__
,GÂTEAU_INVISIBLE_AUX_COURGETTES,OLIVE_OIL,tbsp,1,_TBD_,__comment__
,"QUINOA_SALAD_WITH_ASPARAGUS,_PEAS,_AVOCADO_&_LEMON_BASIL_DRESSING",OLIVE_OIL,tbsp,3,_TBD_,__comment__
,"QUINOA_SALAD_WITH_ASPARAGUS,_PEAS,_AVOCADO_&_LEMON_BASIL_DRESSING",LEMON_JUICE,tbsp,3,_TBD_,__comment__
,"QUINOA_SALAD_WITH_ASPARAGUS,_PEAS,_AVOCADO_&_LEMON_BASIL_DRESSING",LEMON_JUICE,tbsp,1,_TBD_,__comment__
,QUICK_BEEF_CHOW_MEIN,SESAME_OIL,tbsp,1,_TBD_,__comment__
,QUICK_BEEF_CHOW_MEIN,GINGER,tbsp,1,_TBD_,__comment__
,QUICK_BEEF_CHOW_MEIN,SOY_SAUCE,tbsp,2,_TBD_,__comment__
,QUICK_BEEF_CHOW_MEIN,SPRING_ONION,tbsp,1,_TBD_,__comment__
,LENTILLES_FAÇON_CHILI,CORIANDER_LEAVES,tbsp,4,_TBD_,__comment__
,INVISIBLE_AUX_POIRES,VANILLA_EXTRACT,tbsp,1,_TBD_,__comment__
,EGG_FRIED_RICE_WITH_TOASTED_CASHEWS,RAPSEED,tbsp,1,_TBD_,__comment__
,EGG_FRIED_RICE_WITH_TOASTED_CASHEWS,CORIANDER_LEAVES,tbsp,1,_TBD_,__comment__
,SPICY_STEAK_WRAPS_WITH_TOMATO_SALSA,CORIANDER_LEAVES,tbsp,2,_TBD_,__comment__
,MEATBALLS__JAMIE_OLIVER,MUSTARD,tbsp,1,_TBD_,__comment__
,SWEET_&_SOUR_STIR_FRY,TOMATO_PUREE,tbsp,1,_TBD_,__comment__
,SWEET_&_SOUR_STIR_FRY,CORNFLOUR,tbsp,1,_TBD_,__comment__
,SWEET_&_SOUR_STIR_FRY,WHIT_WINE_VINEGAR,tbsp,1,_TBD_,__comment__
,SWEET_&_SOUR_STIR_FRY,SOY_SAUCE,tbsp,1,_TBD_,__comment__
,SWEET_&_SOUR_STIR_FRY,OLIVE_OIL,tbsp,1,_TBD_,__comment__
,SWEET_&_SOUR_STIR_FRY,SESAME_SEEDS,tbsp,2,_TBD_,__comment__
,SPICED_WHOLE_ROAST_CAULI,HARISSA,tbsp,2,_TBD_,__comment__
,SPICED_WHOLE_ROAST_CAULI,YOGHURT,tbsp,1,_TBD_,__comment__
,DHAL_DE_PATATE_DOUCE_ET_DE_LENTILLE_CORAIL,CORIANDER_GROUND,tsp,1,_TBD_,__comment__
,DHAL_DE_PATATE_DOUCE_ET_DE_LENTILLE_CORAIL,TUMERIC,tsp,1,_TBD_,__comment__
,DHAL_DE_PATATE_DOUCE_ET_DE_LENTILLE_CORAIL,CUMIN,tsp,1,_TBD_,__comment__
,JAMBALAYA,MASSALÉ,tsp,1,_TBD_,__comment__
,JAMBALAYA,COLOMBO,tsp,1,_TBD_,__comment__
,AUBERGINES_A_LA_PARMESANE,ORIGANO,tsp,1,_TBD_,__comment__
,QUICHE_POIVRONS_ET_COURGETTES,SALT,tsp,1,_TBD_,__comment__
,LASAGNES_EPINARDS_ET_CHEVRE,NUTMEG_GROUND,tsp,1,_TBD_,__comment__
,LASAGNES_EPINARDS_ET_CHEVRE,PEPPER_GROUND,tsp,1,_TBD_,__comment__
,LASAGNES_EPINARDS_ET_CHEVRE,SUGAR,tsp,1,_TBD_,__comment__
,LASAGNES_EPINARDS_ET_CHEVRE,ORIGANO,tsp,1,_TBD_,__comment__
,GRATIN_DAUPHINOIS,SALT,tsp,1,_TBD_,__comment__
,GRATIN_DAUPHINOIS,PEPPER_GROUND,tsp,1,_TBD_,__comment__
,GRATIN_DAUPHINOIS,NUTMEG_GROUND,tsp,1,_TBD_,__comment__
,SAUCE_BOLOGNAISE_A_LA_ROMAGNOLE,SALT,tsp,1,_TBD_,__comment__
,SAUCE_BOLOGNAISE_A_LA_ROMAGNOLE,PEPPER_GROUND,tsp,1,_TBD_,__comment__
,PUREE_DE_BUTTERNUT,SALT,tsp,1,_TBD_,__comment__
,PUREE_DE_BUTTERNUT,PEPPER_GROUND,tsp,1,_TBD_,__comment__
,PUREE_DE_BUTTERNUT,TUMERIC,tsp,1,_TBD_,__comment__
,BANANA_PROTEIN_PANCAKES,CINAMON,tsp,1,_TBD_,__comment__
,BANANA_PROTEIN_PANCAKES,BAKING_POWDER,tsp,1,_TBD_,__comment__
,EGG_BACON_&_AVOCADO_BOWL,SALT,tsp,1,_TBD_,__comment__
,EGG_BACON_&_AVOCADO_BOWL,PEPPER_GROUND,tsp,1,_TBD_,__comment__
,SMOOTHIE_BANANE_KIWI,AGAVE_SYRUP,tsp,2,_TBD_,__comment__
,SMOOTHIE_FRAISE_MYRTILLE,BROWN_SUGAR,tsp,2,_TBD_,__comment__
,VELOUTE_DE_BUTTERNUT,SALT,tsp,0.5,_TBD_,__comment__
,VELOUTE_DE_BUTTERNUT,PEPPER_GROUND,tsp,1,_TBD_,__comment__
,VELOUTE_DE_BUTTERNUT,NUTMEG_GROUND,tsp,2,_TBD_,__comment__
,FARFALLE_A_LA_CREME_DE_COURGETTES,PEPPER_GROUND,tsp,1,_TBD_,__comment__
,POULET_COCO_AUX_3_EPICES,GINGER,tsp,1,_TBD_,__comment__
,POULET_COCO_AUX_3_EPICES,CURRY_POWDER,tsp,2,_TBD_,__comment__
,POULET_COCO_AUX_3_EPICES,PAPRIKA,tsp,2,_TBD_,__comment__
,POULET_COCO_AUX_3_EPICES,CUMIN,tsp,2,_TBD_,__comment__
,POULET_COCO_AUX_3_EPICES,TUMERIC,tsp,1,_TBD_,__comment__
,POULET_COCO_AUX_3_EPICES,SALT,tsp,2,_TBD_,__comment__
,POULET_COCO_AUX_3_EPICES,PEPPER_GROUND,tsp,2,_TBD_,__comment__
,POULET_COCO_AUX_3_EPICES,CORNFLOUR,tsp,1,_TBD_,__comment__
,RISOTTO_POULET_ET_CHAMPIGNONS,SALT,tsp,1,_TBD_,__comment__
,RISOTTO_POULET_ET_CHAMPIGNONS,PEPPER_GROUND,tsp,1,_TBD_,__comment__
,RISOTTO_CHAMPIGNONS_ET_COURGETTES,SALT,tsp,1,_TBD_,__comment__
,RISOTTO_CHAMPIGNONS_ET_COURGETTES,PEPPER_GROUND,tsp,1,_TBD_,__comment__
,LASAGNES_DE_LEGUMES,NUTMEG_GROUND,tsp,2,_TBD_,__comment__
,LASAGNES_DE_LEGUMES,SALT,tsp,2,_TBD_,__comment__
,LASAGNES_DE_LEGUMES,PEPPER_GROUND,tsp,2,_TBD_,__comment__
,SAUTE_DE_PORC_AU_CURRY,SALT,tsp,0.5,_TBD_,__comment__
,SAUTE_DE_PORC_AU_CURRY,PEPPER_GROUND,tsp,2,_TBD_,__comment__
,SAUTE_DE_PORC_AU_CURRY,PAPRIKA,tsp,0.5,_TBD_,__comment__
,BUTTER_CHICKEN,CORIANDER_GROUND,tsp,2,_TBD_,__comment__
,BUTTER_CHICKEN,CHILLI_FLAKES,tsp,0.75,_TBD_,__comment__
,BUTTER_CHICKEN,CARDAMOM_GROUND,tsp,0.25,_TBD_,__comment__
,BUTTER_CHICKEN,PAPRIKA,tsp,2,_TBD_,__comment__
,BUTTER_CHICKEN,CINAMON_GROUND,tsp,0.5,_TBD_,__comment__
,BUTTER_CHICKEN,TUMERIC,tsp,1,_TBD_,__comment__
,BUTTER_CHICKEN,SALT,tsp,1,_TBD_,__comment__
,BUTTER_CHICKEN,GARAM_MASALA,tsp,1,_TBD_,__comment__
,BUTTER_CHICKEN,BROWN_SUGAR,tsp,1,_TBD_,__comment__
,HACHIS_PARMENTIER,SALT,tsp,2,_TBD_,__comment__
,HACHIS_PARMENTIER,PEPPER_GROUND,tsp,2,_TBD_,__comment__
,HACHIS_PARMENTIER,SALT,tsp,2,_TBD_,__comment__
,HACHIS_PARMENTIER,PEPPER_GROUND,tsp,2,_TBD_,__comment__
,HACHIS_PARMENTIER,NUTMEG_GROUND,tsp,1,_TBD_,__comment__
,QUICHE_POIVRONS_ET_CHORIZO,NUTMEG_GROUND,tsp,2,_TBD_,__comment__
,QUICHE_POIVRONS_ET_CHORIZO,SALT,tsp,0.5,_TBD_,__comment__
,QUICHE_POIVRONS_ET_CHORIZO,PEPPER_GROUND,tsp,2,_TBD_,__comment__
,GASPACHO_ANDALOU,SUGAR,tsp,2,_TBD_,__comment__
,GASPACHO_ANDALOU,PIMENT_D_ESPELETTE,tsp,1,_TBD_,__comment__
,GASPACHO_ANDALOU,CAYENNE_PEPPER,tsp,1,_TBD_,__comment__
,GÂTEAU_INVISIBLE_AUX_COURGETTES,SALT,tsp,0.5,_TBD_,__comment__
,GÂTEAU_INVISIBLE_AUX_COURGETTES,PEPPER_GROUND,tsp,1,_TBD_,__comment__
,GÂTEAU_INVISIBLE_AUX_COURGETTES,NUTMEG_GROUND,tsp,1,_TBD_,__comment__
,RISOTTO_AU_PESTO_D_EPINARDS_ET_BASILIC,SALT,tsp,1,_TBD_,__comment__
,RISOTTO_AU_PESTO_D_EPINARDS_ET_BASILIC,PEPPER_GROUND,tsp,1,_TBD_,__comment__
,CURRY_DE_POIS_CHICHES_AU_LAIT_DE_COCO,CORIANDER_GROUND,tsp,1.5,_TBD_,__comment__
,CURRY_DE_POIS_CHICHES_AU_LAIT_DE_COCO,CUMIN,tsp,1,_TBD_,__comment__
,CURRY_DE_POIS_CHICHES_AU_LAIT_DE_COCO,TUMERIC,tsp,1,_TBD_,__comment__
,CURRY_DE_POIS_CHICHES_AU_LAIT_DE_COCO,GARAM_MASALA,tsp,1,_TBD_,__comment__
,CURRY_DE_POIS_CHICHES_AU_LAIT_DE_COCO,BROWN_SUGAR,tsp,1,_TBD_,__comment__
,CURRY_DE_POIS_CHICHES_AU_LAIT_DE_COCO,SALT,tsp,1,_TBD_,__comment__
,CURRY_DE_POIS_CHICHES_AU_LAIT_DE_COCO,PEPPER_GROUND,tsp,1,_TBD_,__comment__
,TARTE_AUX_POMMES_SANS_PÂTE,VANILLA_SUGAR,tsp,2,_TBD_,__comment__
,TARTE_AUX_POMMES_SANS_PÂTE,RHUM,tsp,1,_TBD_,__comment__
,TARTE_AUX_POMMES_SANS_PÂTE,CINAMON_GROUND,tsp,1,_TBD_,__comment__
,"CRUMBLE_COURGETTES,_BASILIC_ET_PARMESAN",SALT,tsp,0.75,_TBD_,__comment__
,"CRUMBLE_COURGETTES,_BASILIC_ET_PARMESAN",PEPPER_GROUND,tsp,2,_TBD_,__comment__
,"QUINOA_SALAD_WITH_ASPARAGUS,_PEAS,_AVOCADO_&_LEMON_BASIL_DRESSING",HONEY,tsp,1,_TBD_,__comment__
,"QUINOA_SALAD_WITH_ASPARAGUS,_PEAS,_AVOCADO_&_LEMON_BASIL_DRESSING",SALT,tsp,1,_TBD_,__comment__
,"QUINOA_SALAD_WITH_ASPARAGUS,_PEAS,_AVOCADO_&_LEMON_BASIL_DRESSING",PEPPER_GROUND,tsp,1,_TBD_,__comment__
,"QUINOA_SALAD_WITH_ASPARAGUS,_PEAS,_AVOCADO_&_LEMON_BASIL_DRESSING",OLIVE_OIL,tsp,2,_TBD_,__comment__
,"QUINOA_SALAD_WITH_ASPARAGUS,_PEAS,_AVOCADO_&_LEMON_BASIL_DRESSING",SALT,tsp,1,_TBD_,__comment__
,"QUINOA_SALAD_WITH_ASPARAGUS,_PEAS,_AVOCADO_&_LEMON_BASIL_DRESSING",PEPPER_GROUND,tsp,1,_TBD_,__comment__
,QUICK_BEEF_CHOW_MEIN,PEPPER_GROUND,tsp,1,_TBD_,__comment__
,QUICK_BEEF_CHOW_MEIN,SUGAR,tsp,1,_TBD_,__comment__
,LENTILLES_FAÇON_CHILI,SALT,tsp,2,_TBD_,__comment__
,LENTILLES_FAÇON_CHILI,TUMERIC,tsp,2,_TBD_,__comment__
,LENTILLES_FAÇON_CHILI,CHILLI_FLAKES,tsp,1,_TBD_,__comment__
,LENTILLES_FAÇON_CHILI,PAPRIKA,tsp,1,_TBD_,__comment__
,LENTILLES_FAÇON_CHILI,ORIGANO,tsp,1,_TBD_,__comment__
,CRUMBLE_DE_SAUMON_ET_POIREAUX,PEPPER_GROUND,tsp,1,_TBD_,__comment__
,GALETTES_COMPLETES,PEPPER_GROUND,tsp,1,_TBD_,__comment__
,GALETTES_COMPLETES,SALT,tsp,1,_TBD_,__comment__
,EGG_FRIED_RICE_WITH_TOASTED_CASHEWS,SOY_SAUCE,tsp,2,_TBD_,__comment__
,SPICY_STEAK_WRAPS_WITH_TOMATO_SALSA,BALSAMIC_VINEGAR,tsp,2,_TBD_,__comment__
,SALADE_DE_POIS_CHICHES,MUSTARD,tsp,1,_TBD_,__comment__
,SALADE_DE_POIS_CHICHES,HONEY,tsp,1,_TBD_,__comment__
,SALADE_DE_POIS_CHICHES,SALT,tsp,1,_TBD_,__comment__
,SALADE_DE_POIS_CHICHES,PEPPER_GROUND,tsp,1,_TBD_,__comment__
,SWEET_&_SOUR_STIR_FRY,CHINESE_FIVE_SPICE,tsp,1,_TBD_,__comment__
,SPICED_WHOLE_ROAST_CAULI,DUKKAH,tsp,1,_TBD_,__comment__
,SOUPE_DE_POIVRONS_A_LA_RICOTTA_ET_AU_MIEL,ROSEMARY,tsp,2,_TBD_,__comment__
,SOUPE_DE_POIVRONS_A_LA_RICOTTA_ET_AU_MIEL,HONEY,tsp,1,_TBD_,__comment__
,CABILLAUD_AUX_LEGUMES_ET_PUREE_DE_POMMES_DE_TERRE,NUTMEG_GROUND,tsp,1,_TBD_,__comment__
,CABILLAUD_AUX_LEGUMES_ET_PUREE_DE_POMMES_DE_TERRE,THYMES,tsp,1,_TBD_,__comment__
,ROULEAUX_DE_PRINTEMPS,RICE_SHEET,Unit,8,_TBD_,__comment__
,SALADE_DE_PENNE_A_L_ITALIENNE,SALAD,unit,1,_TBD_,__comment__
,LASAGNES_EPINARDS_ET_CHEVRE,CHICKEN_STOCK,unit,1,_TBD_,__comment__
,JAMBALAYA,CHORIZO,whole,1,_TBD_,__comment__
,SMOOTHIE_ANANAS_BANANE,ICE,g,100,_TBD_,__comment__
,VELOUTE_DE_BUTTERNUT,CHICKEN_STOCK,cube,1,_TBD_,__comment__
,RISOTTO_POULET_ET_CHAMPIGNONS,CHICKEN_STOCK,cube,1,_TBD_,__comment__
,RISOTTO_CHAMPIGNONS_ET_COURGETTES,VEGETABLE_STOCK,cube,1,_TBD_,__comment__
,LASAGNES_DE_LEGUMES,CHICKEN_STOCK,cube,1,_TBD_,__comment__
,BUTTER_CHICKEN,CHICKEN_STOCK,cube,1,_TBD_,__comment__
,RISOTTO_AU_PESTO_D_EPINARDS_ET_BASILIC,CHICKEN_STOCK,cube,1,_TBD_,__comment__
,LENTILLES_FAÇON_CHILI,BEEF_STOCK,cube,1,_TBD_,__comment__